radius_bin_id,Bin_range,Bin_center,mean_radii_cool_SDSSV_LSR,e_mean_radii_cool_SDSSV_LSR,mean_RVs_cool_SDSSV_LSR,e_mean_RVs_cool_SDSSV_LSR,mass_cool_SDSSV_LSR,e_mass_cool_SDSSV_LSR,num_obs_per_bin_cool_SDSSV_LSR,mean_radii_cool_eSDSS_LSR,e_mean_radii_cool_eSDSS_LSR,mean_RVs_cool_eSDSS_LSR,e_mean_RVs_cool_eSDSS_LSR,mass_cool_eSDSS_LSR,e_mass_cool_eSDSS_LSR,num_obs_per_bin_cool_eSDSS_LSR,mean_radii_cool_All_LSR,e_mean_radii_cool_All_LSR,mean_RVs_cool_All_LSR,e_mean_RVs_cool_All_LSR,mass_cool_All_LSR,e_mass_cool_All_LSR,num_obs_per_bin_cool_All_LSR,mean_radii_cool_SDSSV_asym,e_mean_radii_cool_SDSSV_asym,mean_RVs_cool_SDSSV_asym,e_mean_RVs_cool_SDSSV_asym,mass_cool_SDSSV_asym,e_mass_cool_SDSSV_asym,num_obs_per_bin_cool_SDSSV_asym,mean_radii_cool_eSDSS_asym,e_mean_radii_cool_eSDSS_asym,mean_RVs_cool_eSDSS_asym,e_mean_RVs_cool_eSDSS_asym,mass_cool_eSDSS_asym,e_mass_cool_eSDSS_asym,num_obs_per_bin_cool_eSDSS_asym,mean_radii_cool_All_asym,e_mean_radii_cool_All_asym,mean_RVs_cool_All_asym,e_mean_RVs_cool_All_asym,mass_cool_All_asym,e_mass_cool_All_asym,num_obs_per_bin_cool_All_asym,mean_radii_warm_SDSSV_LSR,e_mean_radii_warm_SDSSV_LSR,mean_RVs_warm_SDSSV_LSR,e_mean_RVs_warm_SDSSV_LSR,mass_warm_SDSSV_LSR,e_mass_warm_SDSSV_LSR,num_obs_per_bin_warm_SDSSV_LSR,mean_radii_warm_eSDSS_LSR,e_mean_radii_warm_eSDSS_LSR,mean_RVs_warm_eSDSS_LSR,e_mean_RVs_warm_eSDSS_LSR,mass_warm_eSDSS_LSR,e_mass_warm_eSDSS_LSR,num_obs_per_bin_warm_eSDSS_LSR,mean_radii_warm_All_LSR,e_mean_radii_warm_All_LSR,mean_RVs_warm_All_LSR,e_mean_RVs_warm_All_LSR,mass_warm_All_LSR,e_mass_warm_All_LSR,num_obs_per_bin_warm_All_LSR,mean_radii_warm_SDSSV_asym,e_mean_radii_warm_SDSSV_asym,mean_RVs_warm_SDSSV_asym,e_mean_RVs_warm_SDSSV_asym,mass_warm_SDSSV_asym,e_mass_warm_SDSSV_asym,num_obs_per_bin_warm_SDSSV_asym,mean_radii_warm_eSDSS_asym,e_mean_radii_warm_eSDSS_asym,mean_RVs_warm_eSDSS_asym,e_mean_RVs_warm_eSDSS_asym,mass_warm_eSDSS_asym,e_mass_warm_eSDSS_asym,num_obs_per_bin_warm_eSDSS_asym,mean_radii_warm_All_asym,e_mean_radii_warm_All_asym,mean_RVs_warm_All_asym,e_mean_RVs_warm_All_asym,mass_warm_All_asym,e_mass_warm_All_asym,num_obs_per_bin_warm_All_asym,mean_radii_cool_SDSSV_debias,e_mean_radii_cool_SDSSV_debias_sys,e_mean_radii_cool_SDSSV_debias,mean_RVs_cool_SDSSV_debias,e_mean_RVs_cool_SDSSV_debias_sys,e_mean_RVs_cool_SDSSV_debias,num_obs_per_bin_cool_SDSSV_debias,mean_radii_cool_eSDSS_debias,e_mean_radii_cool_eSDSS_debias_sys,e_mean_radii_cool_eSDSS_debias,mean_RVs_cool_eSDSS_debias,e_mean_RVs_cool_eSDSS_debias_sys,e_mean_RVs_cool_eSDSS_debias,num_obs_per_bin_cool_eSDSS_debias,mean_radii_cool_All_debias,e_mean_radii_cool_All_debias_sys,e_mean_radii_cool_All_debias,mean_RVs_cool_All_debias,e_mean_RVs_cool_All_debias_sys,e_mean_RVs_cool_All_debias,num_obs_per_bin_cool_All_debias,mean_radii_warm_SDSSV_debias,e_mean_radii_warm_SDSSV_debias_sys,e_mean_radii_warm_SDSSV_debias,mean_RVs_warm_SDSSV_debias,e_mean_RVs_warm_SDSSV_debias_sys,e_mean_RVs_warm_SDSSV_debias,num_obs_per_bin_warm_SDSSV_debias,mean_radii_warm_eSDSS_debias,e_mean_radii_warm_eSDSS_debias_sys,e_mean_radii_warm_eSDSS_debias,mean_RVs_warm_eSDSS_debias,e_mean_RVs_warm_eSDSS_debias_sys,e_mean_RVs_warm_eSDSS_debias,num_obs_per_bin_warm_eSDSS_debias,mean_radii_warm_All_debias,e_mean_radii_warm_All_debias_sys,e_mean_radii_warm_All_debias,mean_RVs_warm_All_debias,e_mean_RVs_warm_All_debias_sys,e_mean_RVs_warm_All_debias,num_obs_per_bin_warm_All_debias,mass_cool_SDSSV_debias,e_mass_cool_SDSSV_debias,mass_cool_eSDSS_debias,e_mass_cool_eSDSS_debias,mass_cool_All_debias,e_mass_cool_All_debias,mass_warm_SDSSV_debias,e_mass_warm_SDSSV_debias,mass_warm_eSDSS_debias,e_mass_warm_eSDSS_debias,mass_warm_All_debias,e_mass_warm_All_debias
0,[0.    0.002],0.001,,,,,,,0,,,,,,,0,,,,,,,0,,,,,,,0,,,,,,,0,,,,,,,0,,,,,,,0,,,,,,,0,,,,,,,0,,,,,,,0,,,,,,,0,,,,,,,0,,,,,,,0,,,,,,,0,,,,,,,0,,,,,,,0,,,,,,,0,,,,,,,0,,,,,,,,,,,,
1,[0.002 0.004],0.003,,,,,,,0,,,,,,,0,,,,,,,0,,,,,,,0,,,,,,,0,,,,,,,0,,,,,,,0,,,,,,,0,,,,,,,0,,,,,,,0,,,,,,,0,,,,,,,0,,,,,,,0,,,,,,,0,,,,,,,0,,,,,,,0,,,,,,,0,,,,,,,0,,,,,,,,,,,,
2,[0.004 0.006],0.005,0.0049258250297768,0.005725249819132,38.10182524073545,9.48205103357699,0.2947827679121029,0.3503894315869796,1,0.0044796258759158,0.0009886467965435,86.58835419947835,24.86927781655149,0.609226183223791,0.2206702596568728,1,0.0044925458390675,0.0009742282258548,44.2557627800256,8.859907104187597,0.3122767695897486,0.0921639727723832,2,0.0049258250297768,0.005725249819132,45.99044207176114,9.48205103357699,0.3558147077143355,0.4200169029490335,1,0.0044796258759158,0.0009886467965435,87.08050925107206,24.86927781655149,0.6126889323014094,0.2211367345891116,1,0.0044925458390675,0.0009742282258548,51.205616519944016,8.859907104187597,0.3613162107538379,0.1002376381051335,2,0.0057198492626536,0.0009031481248483,35.700264677923684,10.85438752989963,0.3207253961452439,0.1098797861838352,3,0.0052754730158928,0.0002450496434809,114.12694751698416,4.779202581758283,0.9456424032744136,0.0591407471043244,12,0.0053059443037886,0.0002364988163661,101.39166082980888,4.373989767911745,0.8449718764414955,0.0524136083332521,15,0.0057198492626536,0.0009031481248483,47.02554546409158,10.85438752989963,0.4224698845788538,0.1181473233339896,3,0.0052754730158928,0.0002450496434809,118.20759515825748,4.779202581758283,0.979454167510336,0.0603164386932891,12,0.0053059443037886,0.0002364988163661,106.64872543408156,4.373989767911745,0.8887828931157633,0.0538339234833748,15,0.0052822126439254,,,77.3827659156291,,,1,0.0048354338277885,0.0003993268579119,0.001066247826617,107.68945246058826,61.12417347314597,65.98973830749794,1,0.0048238346350326,0.0003089852758119,0.0010220530987775,74.13254525773206,67.74447861501322,68.32139003792895,2,0.005965142641462,,,80.10187308412482,,,3,0.0056570574970758,9.69337215952e-05,0.0002635250920736,151.49379702619365,73.27761658118523,73.43330218052758,12,0.0057105875696041,0.0002566807249643,0.0003490224702089,145.46874741633638,64.32735699224655,64.47589196046634,15,0.6420035945892365,,0.8178731363683289,0.5326360194659773,0.5616666702843179,0.5311414893012627,0.7504829590443632,,1.3460549025734247,0.6554767140461701,1.3047515618923622,0.5837752965929935
3,[0.006 0.008],0.007,0.0075095593286446,0.0002565319026283,68.43560732254959,3.43829731849441,0.8071865355013675,0.0490404690268344,17,0.0075399336236053,0.0001520580523899,69.61258032084379,2.1805107155665797,0.8243897533450374,0.0307119387328894,30,0.0075320363815369,0.0001308054997435,69.27499021654731,1.841429230018225,0.8195325598797266,0.0260215493946897,47,0.0075095593286446,0.0002565319026283,69.02304241913775,3.43829731849441,0.8141152341569091,0.0491739422571044,17,0.0075399336236053,0.0001520580523899,72.24010487457117,2.1805107155665797,0.8555063174599113,0.0310561252574912,30,0.0075320363815369,0.0001308054997435,71.31735775001349,1.841429230018225,0.8436940456870098,0.0262534002107728,47,0.0069529765980963,0.00026743739282,82.66494965048538,4.235201390701603,0.9027541710516076,0.0578348690816722,13,0.0069882304071847,0.000181567643461,72.16709109825753,3.1078854461943393,0.792106808400138,0.0398396332784256,30,0.006977107712204,0.0001502187415736,75.84149108600079,2.505629904294733,0.8311121303111313,0.0327740905173665,43,0.0069529765980963,0.00026743739282,76.85847389721457,4.235201390701603,0.8393437386066824,0.0564042595408289,13,0.0069882304071847,0.000181567643461,71.61535473038622,3.1078854461943393,0.7860509437839823,0.0397585809064076,30,0.006977107712204,0.0001502187415736,73.4505211032692,2.505629904294733,0.8049105864411055,0.0324695286326629,43,0.0075995298622253,0.0004003112491848,0.0004754552694944,92.59902579238488,42.61621378738389,42.75469057334381,17,0.0075668209840055,0.0001267913156718,0.0001979840625565,86.41938047256856,41.36122044979235,41.4186574393355,30,0.0074203435718821,1.1988110467527586e-05,0.0001313536963915,89.47513929819576,43.716306819741206,43.75507220388188,47,0.006890341216258,0.000429392244008,0.0005058660477761,98.91658568009524,51.04457628547643,51.2199736331797,13,0.0067609598505969,0.0001325653739025,0.000224811893613,101.98410632765062,44.62892378945874,44.7370069467324,30,0.0069277567845454,0.0002487191567313,0.0002905630555405,98.73497783731835,51.24509919653062,51.30631903459416,43,1.1052753234003627,0.514989835139783,1.0270744806881291,0.4929842159646596,1.0428064958814298,0.5102865251153517,1.0705012455095526,0.5598598286992115,1.0829743784253385,0.4764274031931618,1.0743381448595006,0.5600810591408201
4,[0.008 0.01 ],0.009,0.0089859543139608,8.496933886882628e-05,55.28102332418824,1.287499077196034,0.7802209553545517,0.0196119608478047,109,0.009036504478712,4.9281570667281474e-05,47.454102212702246,0.8428061856362102,0.6735216493225039,0.0125132896019224,232,0.0090237801881591,4.2630236318350193e-05,49.80194527130004,0.7051572570318444,0.705849554404523,0.0105359009628762,341,0.0089859543139608,8.496933886882628e-05,55.463925991414946,1.287499077196034,0.7828023926214353,0.0196211562407416,109,0.009036504478712,4.9281570667281474e-05,49.612109123948265,0.8428061856362102,0.70415049501422,0.0125633363140499,232,0.0090237801881591,4.2630236318350193e-05,51.367479775672976,0.7051572570318444,0.7280380819067479,0.0105695449559262,341,0.0091869176936142,0.0001078830431873,54.49008775503603,1.9202836561376793,0.7862572504576126,0.0292063284594552,69,0.00919975178858,6.762887566936881e-05,56.444362404258,1.0454091110196384,0.815593981289723,0.0162520082736707,139,0.009196131177728,5.7300905997696553e-05,55.99757935229465,0.9181654184883888,0.808819739745495,0.014187144798353,208,0.0091869176936142,0.0001078830431873,52.40234693962287,1.9202836561376793,0.7561324805990217,0.0290964290158881,69,0.00919975178858,6.762887566936881e-05,57.22507506297284,1.0454091110196384,0.8268749049894916,0.016282783828528,139,0.009196131177728,5.7300905997696553e-05,56.12251090158557,0.9181654184883888,0.8106242303029847,0.014191142837264,208,0.0090720241912994,0.0001146668459509,0.0001427174625199,67.38219174747339,23.957525478356985,23.992096217711044,109,0.0090466663009063,0.0001375997845524,0.0001461587284985,58.58898391465194,21.36960303219096,21.3862164961447,232,0.0089950927311783,2.725653327277297e-05,5.059896890854757e-05,61.42922364633824,22.70072019822686,22.71166978175162,341,0.0092642833132964,0.0002070961471977,0.000233511381289,64.12812012859007,20.4459326777746,20.535911286916896,69,0.0092723090068309,8.210982799224593e-05,0.0001063752258621,71.47612740336459,22.909956045748196,22.933795286160493,139,0.0092308838801097,4.608503282371029e-05,7.353382948357383e-05,69.4672276248667,22.98804350780999,23.006372422715256,208,0.9601225354445088,0.3421946396402037,0.8324954485543934,0.3041759251874255,0.8678766461564853,0.3209092984503315,0.9331203640167964,0.2997397063558422,1.0409413032547734,0.3342093437605394,1.0071649072191862,0.3336524831126041
5,[0.01  0.012],0.011,0.0113895321101371,6.297881391622593e-05,33.54308451374194,0.8468697274382067,0.6000483007511945,0.0155086428803626,215,0.0113223778171895,3.378353622018868e-05,27.14357869135074,0.5255391622129973,0.482705313066002,0.0094562067968008,648,0.0113373837209396,2.9770673864789745e-05,28.92284643820105,0.4465437781257582,0.5150284358951753,0.0080657829677548,863,0.0113895321101371,6.297881391622593e-05,33.33411245552038,0.8468697274382067,0.596310024135967,0.0155042335986361,215,0.0113223778171895,3.378353622018868e-05,28.405778126917724,0.5255391622129973,0.50515151961176,0.0094666392257318,648,0.0113373837209396,2.9770673864789745e-05,29.776013041916425,0.4465437781257582,0.5302207532353237,0.0080725677568433,863,0.0112330796851904,0.0001124876269936,37.29662506001581,1.2729352457298888,0.6580300166515558,0.0234053326192358,133,0.0110585120408484,5.7353000014191046e-05,32.704931951492995,0.7089851093870211,0.5680509303531689,0.0126618499343027,318,0.0110945292898815,5.1094970028586314e-05,33.79208871659126,0.6193925410397233,0.5888453477768494,0.0111287246068066,451,0.0112330796851904,0.0001124876269936,36.36020715890042,1.2729352457298888,0.641508653496787,0.0233592932408236,133,0.0110585120408484,5.7353000014191046e-05,33.40727701664769,0.7089851093870211,0.5802499396121338,0.0126767201422349,318,0.0110945292898815,5.1094970028586314e-05,34.106430445489416,0.6193925410397233,0.594322921721041,0.0111348987607257,451,0.0114844650052669,0.0002964476450085,0.0003030635861224,38.713499561129744,6.685840645051034,6.739262086183301,215,0.0114100179507521,0.0002147787529052,0.0002174195023889,33.206981339551916,6.9191297945121875,6.939059628244004,648,0.0114488975215227,0.0002156986676568,0.0002177434459433,34.420205390350475,6.822995861979933,6.837592696145195,863,0.0111954201126641,0.0002167389767011,0.0002441910118085,43.67498015172043,8.110491066231395,8.209776457080952,133,0.0109977163167987,9.204265203451197e-05,0.0001084491420167,41.80612350857743,9.120187881627562,9.14770391308763,318,0.0111435623432256,0.0001491155337288,0.0001576265788547,41.75450105131006,8.980843564924763,9.002177417577714,451,0.6983136494305594,0.1229515401735417,0.5951042560636264,0.1248712538528165,0.6189484162487173,0.1235166619633458,0.7679809406271321,0.1453293291734821,0.7221372415845311,0.158173059169025,0.7308103274912037,0.1578998250526245
6,[0.012 0.014],0.013,0.0127165810441393,4.33117321621885e-05,24.82752993155842,0.5867805892672635,0.4958852700289368,0.0118409587261046,432,0.0127747812293437,2.4952646480442283e-05,21.49945582343713,0.3743220700433466,0.4313782750627204,0.0075577445962546,1156,0.0127602777846156,2.162115805421724e-05,22.46207430488956,0.3155777260574094,0.4501811631014163,0.006370588272078,1588,0.0127165810441393,4.33117321621885e-05,24.67686555592254,0.5867805892672635,0.4928760200229193,0.0118395011542552,432,0.0127747812293437,2.4952646480442283e-05,23.60644244113879,0.3743220700433466,0.4736541475400856,0.0075673958467049,1156,0.0127602777846156,2.162115805421724e-05,23.916053657652945,0.3155777260574094,0.4793215758374735,0.0063766887883896,1588,0.0131482832343329,5.102816451397644e-05,33.17880428104647,0.6712380714800958,0.685183840519045,0.0141146624629726,406,0.0131882961220687,2.8463755729741748e-05,27.556663183339367,0.3183271114533824,0.5708114136430833,0.0067079577654671,1308,0.0131788007216062,2.48580262325343e-05,28.588935663030924,0.2876225187751232,0.59176763471908,0.0060572829095842,1714,0.0131482832343329,5.102816451397644e-05,34.03303084784679,0.6712380714800958,0.7028246884156643,0.0141277209252301,406,0.0131882961220687,2.8463755729741748e-05,29.92047151868216,0.3183271114533824,0.6197755704606654,0.0067281680476003,1308,0.0131788007216062,2.48580262325343e-05,30.67557206539857,0.2876225187751232,0.6349593051926538,0.0060728234028212,1714,0.0126595699835253,4.82142113321371e-05,6.481139033587484e-05,24.283197610118687,0.7150158593115351,0.9249643987785964,432,0.0127338132098537,7.077789446759825e-05,7.504761762803936e-05,23.3053623596084,0.6342453257466225,0.7364673416744122,1156,0.0127310539023459,5.692530392939488e-05,6.089305956395542e-05,23.49869746780156,0.7665323220903524,0.8289518092101573,1588,0.0133064873160457,0.0001430252211819,0.000151855482179,34.415193960360526,0.4637841255819666,0.8158776034100628,406,0.013317014723422,9.250249113710758e-05,9.678272705815368e-05,30.425113326833095,0.4005938502838618,0.5116713620787303,1308,0.0133158939473885,0.0001213420241128,0.0001238620534464,31.32876154802035,0.5432447322916546,0.6146881749872675,1714,0.4828387961798151,0.0185570506646454,0.4661134826027167,0.0149835199278815,0.4698783958296918,0.0167273335747793,0.719268392883304,0.0189244705688122,0.6363798426990501,0.011658836680088,0.6552256423959734,0.014227461770642
7,[0.014 0.016],0.015,0.0149140248092265,0.0001172612076482,29.00723639498032,1.2258773321118173,0.6794829223125869,0.0292084254291629,112,0.0147867166072929,7.339985212226607e-05,17.34368462213179,0.8883870184658169,0.4028009143575159,0.0207291292772974,246,0.0148225556459155,6.221632377678715e-05,21.359921697472444,0.7193516999498815,0.4972789504740567,0.0168767531215205,358,0.0149140248092265,0.0001172612076482,28.550545200376614,1.2258773321118173,0.6687851135562364,0.0291931580163413,112,0.0147867166072929,7.339985212226607e-05,18.83716092099124,0.8883870184658169,0.4374863708714227,0.0207464445634967,246,0.0148225556459155,6.221632377678715e-05,22.18187570681768,0.7193516999498815,0.5164148084090373,0.0168868751630226,358,0.0147295415568521,9.44901642220602e-05,30.449313280921583,0.9688439909468995,0.7044400885798732,0.0228650625362259,169,0.0146577471110261,4.685948751613154e-05,24.5827921896774,0.4310259313680162,0.5659470036201312,0.0100867079801706,720,0.0146719186502373,4.198070149861473e-05,25.552074669756433,0.3938117893272195,0.5888306510665,0.0092302024005865,889,0.0147295415568521,9.44901642220602e-05,31.27748072134392,0.9688439909468995,0.7235996124649522,0.0228896709551552,169,0.0146577471110261,4.685948751613154e-05,26.73625419927981,0.4310259313680162,0.6155241778622026,0.0101163391396278,720,0.0146719186502373,4.198070149861473e-05,27.486567926520404,0.3938117893272195,0.6334097679713327,0.0092543350540781,889,0.0147465269741656,0.0001857638527245,0.0002196779456344,24.86041409243203,5.439338689040184,5.575767266258069,112,0.0147417178608479,0.0001880126421908,0.0002018323361484,15.631725762033732,5.155616400852544,5.231597458455527,246,0.0147607290768523,0.0001978237002601,0.0002073766798097,18.831780169040773,5.171262504495008,5.221055713035129,358,0.0145695157612226,0.0001805348079482,0.0002037675342531,29.31783353300216,2.7159605177168444,2.8835915474613714,169,0.0145015357814209,0.0002050455256581,0.0002103318310734,24.371259144099017,2.53047619830231,2.566922893989256,720,0.0144928524175714,0.0001720166112931,0.0001770652248723,25.399328731779576,2.557306832362233,2.5874516343807596,889,0.5758050087029952,0.1294278056873106,0.3619364754066319,0.1212335553985554,0.4365927458173815,0.1211993678971774,0.670894640771616,0.0666504456227236,0.5550975322526569,0.0590178532916706,0.578167185541408,0.0593204569868287
8,[0.016 0.018],0.017,0.0171075515426439,0.000132274811561,22.283455784680395,1.369677388471838,0.5987530394242109,0.0370930578663992,83,0.0171298398571396,8.775950842121128e-05,13.429563439261033,1.033202322744302,0.3613204383457479,0.02785972312892,162,0.0171230275634191,7.312825668608152e-05,16.640542868788252,0.8248404098004981,0.4475333213886093,0.0222655710761046,245,0.0171075515426439,0.000132274811561,20.751232799415664,1.369677388471838,0.5575824428000727,0.037054673733672,83,0.0171298398571396,8.775950842121128e-05,14.821326794141406,1.033202322744302,0.3987656276650663,0.0278731269711393,162,0.0171230275634191,7.312825668608152e-05,16.971884476471537,0.8248404098004981,0.4564444735889906,0.0222688702480053,245,0.0167694840640748,0.0001762070747262,25.65427106817966,1.9555085831780512,0.6757043439210657,0.0519929368792976,50,0.0166844488080656,0.0001171491450199,16.962847409795767,0.9728163641735034,0.4445165649344142,0.0256833020705402,131,0.01671051409308,9.755624342223936e-05,18.68709321759917,0.8709913780641618,0.4904659851220984,0.0230388768218193,181,0.0167694840640748,0.0001762070747262,24.080741561191992,1.9555085831780512,0.6342593650193524,0.0519352595587163,50,0.0166844488080656,0.0001171491450199,19.042151088561493,0.9728163641735034,0.4990053489463881,0.0257325985811087,131,0.01671051409308,9.755624342223936e-05,20.04173054080588,0.8709913780641618,0.5260201251626704,0.0230655932938254,181,0.0172808442370596,0.0001193097446864,0.0001781332112511,17.658877604325838,8.24626995816343,8.359245442705921,83,0.0173500846246876,0.0002338129314757,0.0002497403016006,12.840064224392892,7.305307300882516,7.378009338571728,162,0.0173092420403447,0.0003170717956719,0.0003253955524228,14.685559944605307,7.788689131027878,7.832243617344372,245,0.0167266473654548,5.918504705495048e-05,0.0001858811528328,21.252011905565265,5.348682858092317,5.694947070459358,50,0.0166159438853164,0.0001124294918222,0.0001623709112196,15.643472169496544,5.318318865371634,5.4065596484429514,131,0.0167048448780911,0.0001931977063163,0.0002164314541755,16.58261910316175,5.254892624764029,5.326586381394888,181,0.4792977414926106,0.226940656963904,0.3499017575111879,0.2011195787673817,0.3992508888405086,0.2130645484333424,0.5583239812058193,0.1497438686546821,0.4082587497048433,0.1411551977738379,0.4350837898500538,0.1398690884227787
9,[0.018 0.02 ],0.019,0.0187185462229048,0.0002126050335216,18.95365780751346,2.0134715779324748,0.5572402548988178,0.0595337388133536,41,0.0190062360164302,0.0001065537059491,9.748665662881818,1.2900100906795402,0.291017177746551,0.0385439280482202,94,0.0189484804702677,9.52594704015246e-05,12.427530270957712,1.0861984399064395,0.369859304442715,0.0323800950422029,135,0.0187185462229048,0.0002126050335216,19.985678426030123,2.0134715779324748,0.58758180893358,0.059571361370047,41,0.0190062360164302,0.0001065537059491,12.533237057253276,1.2900100906795402,0.3741422059757177,0.0385664647052346,94,0.0189484804702677,9.52594704015246e-05,14.7020690467754,1.0861984399064395,0.4375525074532825,0.0324014184503996,135,0.0191210390948083,0.0002925101420109,29.908624862420627,2.728650902221825,0.8982252626046517,0.0830917463297487,21,0.0190102241319819,0.000171055360028,20.067210013752145,1.4091415624810866,0.5991720737621221,0.0424185400003026,60,0.0190384629309117,0.0001476606706814,22.139254670624656,1.252041610458022,0.6620216757612704,0.0377897707673498,81,0.0191210390948083,0.0002925101420109,28.727862528209776,2.728650902221825,0.8627642354728818,0.0830037612424754,21,0.0190102241319819,0.000171055360028,23.77389059943216,1.4091415624810866,0.709847124841653,0.0425565793371636,60,0.0190384629309117,0.0001476606706814,24.81691654876595,1.252041610458022,0.7420907761019077,0.0378791455981935,81,0.0185896137384372,1.970879909251461e-05,0.0002135165966392,19.059822124615295,7.2717799610470895,7.545386113183864,41,0.0189520932259492,9.77383957133579e-05,0.0001445907543659,11.844243070682086,4.763735396113313,4.935311637398179,94,0.0188193229969245,3.5723151487972865e-05,0.0001017374574746,14.078558310831625,5.5608642963641906,5.665954356808143,135,0.0193487458962632,6.254185623686542e-05,0.000299121491974,26.873910878272365,6.055461713586848,6.6418485612751015,21,0.0190753213982629,8.850858752327412e-06,0.0001712841904408,21.36854326819268,6.54938177247155,6.699259775877797,60,0.0189930380518428,8.594441695916263e-05,0.0001708511529739,22.505654917221456,6.358225778339721,6.480327402428219,81,0.5565017568143814,0.2204001458704813,0.3525671345833581,0.1469338571132065,0.4161400457272786,0.1674918100716979,0.816697120189081,0.2022400149902873,0.6402124435412887,0.2007955445143527,0.6713723084488169,0.1934107204520085
10,[0.02  0.022],0.0209999999999999,0.0209196015606794,0.0002153570385066,15.86751225958149,2.0737342001282095,0.5213622492446631,0.0683481881513752,31,0.0210524592864673,0.0001503549100822,17.975345588400128,1.5935990921280991,0.5943707314633246,0.0528644735751044,59,0.0210089215563356,0.000123281683076,17.192740520608144,1.2635903031411322,0.5673175238177163,0.0418280148200015,90,0.0209196015606794,0.0002153570385066,18.330551013859893,2.0737342001282095,0.6022908411940373,0.0684186517381514,31,0.0210524592864673,0.0001503549100822,20.56148968240145,1.5935990921280991,0.6798838777481484,0.05291701586296,59,0.0210089215563356,0.000123281683076,19.733177555411665,1.2635903031411322,0.6511456049937226,0.0418700367659374,90,0.0213423556059711,0.0002718282467644,9.573407603745895,3.4665008369527306,0.3209122034034057,0.1162731637192428,20,0.0211747869904946,0.0002575293944062,13.45994160379822,1.9476382855608592,0.4476509973014743,0.0650029910350276,30,0.0212540482843877,0.0001869514432307,12.527440565062946,1.697988465923402,0.4181974152971195,0.0568023507472532,50,0.0213423556059711,0.0002718282467644,13.489174529112804,3.4665008369527306,0.4521734474709813,0.1163439300971523,20,0.0211747869904946,0.0002575293944062,17.20171830063585,1.9476382855608592,0.5720950788081962,0.0651472148379125,30,0.0212540482843877,0.0001869514432307,16.310962958408354,1.697988465923402,0.5445008910468664,0.0568851006130063,50,0.0211748530323253,0.000209228279454,0.0003002584336161,17.130235266313534,5.0597950749690614,5.468262953942737,31,0.0212507249779121,5.18524773616344e-05,0.0001590448942731,19.484214876635356,2.827011697023316,3.2452354616480683,59,0.0210214285433309,0.0001042721385796,0.0001614653283712,18.71482499878399,3.9487983863647007,4.146042589065959,90,0.0213157378911755,3.4653687722468324e-05,0.0002740282354279,12.35122646642156,3.226820887767632,4.735926635234911,20,0.0212848949213433,3.428800503392851e-05,0.0002598019558672,16.194562142434435,4.689410765496575,5.077781820730152,30,0.0213989237495585,0.0001675597113474,0.0002510519846423,15.471513783132792,4.612017937897768,4.914659122451901,50,0.5697194715616604,0.1820435033306388,0.6503303040299455,0.1084264657462249,0.617910146559401,0.136972754586326,0.4135116852373985,0.1586450855593642,0.5413997505404219,0.1698836944260878,0.5199984753373524,0.1652945958409292
11,[0.022 0.024],0.023,0.0233721469374102,0.000374872641814,6.518862556401633,3.746172614752191,0.2393027905080232,0.1375728756845013,10,0.0228449725078399,0.0003047145810002,5.2233164663793525,2.50116020902472,0.1874192991741986,0.0897796491392466,30,0.0230547101072067,0.0002364529435415,5.622766217680609,2.080139343804665,0.2036043362216331,0.0753522550720677,40,0.0233721469374102,0.000374872641814,12.748997547894112,3.746172614752191,0.4680065982362213,0.1377240408586341,10,0.0228449725078399,0.0003047145810002,6.395458525946882,2.50116020902472,0.2294772607682862,0.0897970204188988,30,0.0230547101072067,0.0002364529435415,8.354415912137597,2.080139343804665,0.3025193010802227,0.0753871901589039,40,0.022306398070951,0.0006200367102163,64.63468253662307,5.393924336388952,2.2645003841606055,0.1991853506698601,3,0.0224772955785897,0.000401379934448,34.47696332014379,2.7582393386776825,1.2171676298493177,0.0997725515846369,11,0.0224268281251887,0.0003369420657579,40.72824490317532,2.4557838231419056,1.434633212267586,0.0891486833826746,14,0.022306398070951,0.0006200367102163,60.264570495752594,5.393924336388952,2.1113918670766267,0.1978816494091283,3,0.0224772955785897,0.000401379934448,34.76090198500982,2.7582393386776825,1.2271917421392669,0.0998116994344172,11,0.0224268281251887,0.0003369420657579,40.04746268665032,2.4557838231419056,1.4106529798645009,0.0890622622949695,14,0.0233389573459906,7.290728256584167e-05,0.0003818965428381,11.8309052546607,4.186686340849254,5.618020271961733,10,0.0231772480875128,0.0001539880922087,0.0003414136910204,5.608385206411149,2.204921213907351,3.3342885224208247,30,0.0227341360831503,0.0004131879371316,0.0004760611997428,7.935846336137606,2.9596292266914057,3.617510863719703,40,0.0223241219082921,3.4088828042747044e-05,0.0006209730833242,60.11410241748453,1.5017394293609778,5.5990750182852915,3,0.0224761433388414,4.449380548204873e-05,0.0004038385203317,34.249761488855704,2.4225451064931054,3.6710501280182473,11,0.0223928518622736,7.80014310000493e-05,0.0003458528284043,39.71806965737805,2.093347585279405,3.226914671757,14,0.4336873525582145,0.2060628826344312,0.2041629982697338,0.1214159231338118,0.2833668455590598,0.1293074012494267,2.1077936064654947,0.2048895727433703,1.2090845593416455,0.1314035561623457,1.3969307284653152,0.1155268782629416
12,[0.024 0.026],0.025,0.0250675774483002,0.0024028838724313,10.17323924006721,11.518784217704392,0.4005428223117074,0.4551422091814763,2,0.0249078712678456,0.0009551515588491,32.53067877557611,4.219571285969548,1.2726443922749382,0.172138224010219,11,0.0249296628711649,0.0008875984053143,29.885474344540665,3.9620981610993495,1.1701832823776832,0.1606353589959451,13,0.0250675774483002,0.0024028838724313,13.20696101051995,11.518784217704392,0.5199871262714346,0.4562507164561026,2,0.0249078712678456,0.0009551515588491,29.73992199873755,4.219571285969548,1.1634661920059224,0.1709984015611827,11,0.0249296628711649,0.0008875984053143,27.783836571570863,3.9620981610993495,1.0878924223033144,0.1599004835861477,13,0.0253702424076992,0.0004208011882747,22.200491704680037,3.798180494904378,0.8846358612982997,0.1520578927658696,7,0.0248228887657118,0.0004459236116727,,2.5267433415257834,,0.098562502812161,12,0.0251124175696696,0.0003060475023599,3.699892613909891,2.1037510964785455,0.1459334917378095,0.0829965317231298,19,0.0253702424076992,0.0004208011882747,19.531168622708297,3.798180494904378,0.7782697971986607,0.1518978024370932,7,0.0248228887657118,0.0004459236116727,,2.5267433415257834,,0.0985220917803208,12,0.0251124175696696,0.0003060475023599,4.622293630111879,2.1037510964785455,0.1823154128159487,0.0830072166523362,19,0.0255094280044777,,,12.332746317350196,,,2,0.0248642377011603,0.0007512892135383,0.0012152160230802,29.35702981517972,2.528438721615064,4.919124333287493,11,0.0249174343297914,6.352608620792399e-05,0.0008898688064795,27.506568190163545,2.110740523748958,4.489259114462304,13,0.0250957237848119,2.1012606132332634e-06,0.0004208064345391,19.641626943487733,0.768229377559443,3.87509373414598,7,0.0248207987326045,0.0001759537574433,0.0004793825113681,,1.52959342102918,2.95365670781163,12,0.0250844117117977,3.268572431380001e-05,0.0003077879631737,4.366438999112343,1.1325753285009077,2.38924581210549,19,0.4941261627059218,,1.1464750116323514,0.200110689847829,1.0765075066779002,0.1798504117273745,0.7742024018219357,0.1532929642258567,,,0.1720317661473595,0.094156703852392
13,[0.026 0.028],0.027,0.0261968033274734,0.0026036850163559,75.1998580722269,21.807625441591,3.09415917067923,0.948528535445472,1,0.0272633304957903,0.0017396377395444,6.308812955403101,7.305100164858889,0.2701493272237346,0.3132858841354308,4,0.026934161327494,0.0014464787484465,13.25923478131492,6.926798817890516,0.5609178339561608,0.294575153530424,5,0.0261968033274734,0.0026036850163559,78.10921240179135,21.807625441591,3.2138669149535755,0.952452438292132,1,0.0272633304957903,0.0017396377395444,7.065544324961435,7.305100164858889,0.3025532789370593,0.3134064522797297,4,0.026934161327494,0.0014464787484465,14.233144415171813,6.926798817890516,0.6021180458312739,0.2948096362482246,5,0.0265650704167983,0.0018671818169198,,13.033392043295075,,0.5442457624782484,2,0.0270432066185911,0.0009857592673582,33.844619984235166,4.714619495875727,1.437557281832227,0.2069968250358198,4,0.0269389881700035,0.0008717322191365,29.067549643275935,4.433471056087354,1.229892159441883,0.1917622962284786,6,0.0265650704167983,0.0018671818169198,,13.033392043295075,,0.5450706429713476,2,0.0270432066185911,0.0009857592673582,34.830993012624404,4.714619495875727,1.4794536816211552,0.207388689215043,4,0.0269389881700035,0.0008717322191365,29.33782121210192,4.433471056087354,1.2413277598794326,0.1918394386810671,6,,,,,,,1,,0.0005977878038856,0.0018394808298325,,1.534770803190792,7.464583701516667,4,,0.0007198162089744,0.0016156844198078,,1.304069836336745,7.048484943700512,5,0.026476090631799,0.0004013482700059,0.0019098294089453,,1.3769710889518452,13.10592833545326,2,0.0270947841448832,0.0001708584085349,0.0010004568601142,33.99695009340458,1.1194520642523855,4.8457001470427805,4,0.0269446362169743,0.0001385427491724,0.000882672733933,28.78181406132737,1.300729809397808,4.62034237283563,6,,,,,,,,,1.4467816228422188,0.2130219288381435,1.2180575783959355,0.1995644956100332
14,[0.028 0.03 ],0.0289999999999999,0.0284535061376936,0.0026120835395644,18.443331743456906,11.84209931663322,0.824237743388234,0.5346086565010029,2,0.029716495704529,0.002007164621412,17.638205853474414,13.498050052348932,0.8232454358634301,0.6324569678651926,2,0.0292476085213342,0.0015915539388839,18.093159153073515,8.901848781954982,0.8311551399390815,0.4114225904078064,4,0.0284535061376936,0.0026120835395644,7.044515721893919,11.84209931663322,0.3148214120226237,0.5300153499101765,2,0.029716495704529,0.002007164621412,22.21764671008899,13.498050052348932,1.036986210596017,0.633889395524588,2,0.0292476085213342,0.0015915539388839,13.643750262070307,8.901848781954982,0.6267602612912723,0.4103488153555618,4,0.0297830136675386,0.0017851499752114,31.511017354149764,13.364651662562515,1.4740370380553187,0.631390061147399,2,0.0287311157664852,0.0016193043421199,32.81702107400194,5.2894434767735685,1.4809110663258251,0.2528651899207427,3,0.0292059435544301,0.0011993777211103,32.640152526418206,4.918251595649104,1.4972721671004838,0.2338392357690325,5,0.0297830136675386,0.0017851499752114,40.26836690689779,13.364651662562515,1.8836924119478344,0.6352913588389156,2,0.0287311157664852,0.0016193043421199,38.14324634504954,5.2894434767735685,1.721263959047321,0.257654073314055,3,0.0292059435544301,0.0011993777211103,38.43104566866633,4.918251595649104,1.7629125656103697,0.2369415591521009,5,,,,,,,2,,,,,,,2,,,,,,,4,,,,,,,2,0.0280842111820829,0.0003119736471663,0.0016490828083921,38.242699602481125,0.9329527091553408,5.371090489975266,3,0.0288475633763759,0.0004487878370187,0.0012805926130318,37.97083006129949,0.6581804901861368,4.962096363006932,5,,,,,,,,,1.6868952008309153,0.2567930957982375,1.7204282205113282,0.2374462470219995
15,[0.03  0.032],0.031,,,,,,,0,,,,,,,0,,,,,,,0,,,,,,,0,,,,,,,0,,,,,,,0,,,,,,,0,0.0307650160611939,0.0012610128980463,2.231534687563242,6.1200436886467,0.1078296309043083,0.2957586788635389,3,0.0307650160611939,0.0012610128980463,2.231534687563242,6.1200436886467,0.1078296309043083,0.2957586788635389,3,,,,,,,0,0.0307650160611939,0.0012610128980463,,6.1200436886467,,0.2957705956826009,3,0.0307650160611939,0.0012610128980463,,6.1200436886467,,0.2957705956826009,3,,,,,,,0,,,,,,,0,,,,,,,0,,,,,,,0,,,,,,,3,,,,,,,3,,,,,,,,,,,,
16,[0.032 0.034],0.033,0.0322669597153888,0.0011235810051789,45.13925571347504,9.887293249390778,2.287651006485149,0.5073789293098419,3,,,,,,,0,0.0322669597153888,0.0011235810051789,45.13925571347504,9.887293249390778,2.287651006485149,0.5073789293098419,3,0.0322669597153888,0.0011235810051789,49.44943214957009,9.887293249390778,2.506090130177167,0.5086286148784234,3,,,,,,,0,0.0322669597153888,0.0011235810051789,49.44943214957009,9.887293249390778,2.506090130177167,0.5086286148784234,3,,,,,,,0,,,,,,,0,,,,,,,0,,,,,,,0,,,,,,,0,,,,,,,0,,,,,,,3,,,,,,,0,,,,,,,3,,,,,,,0,,,,,,,0,,,,,,,0,,,,,,,,,,,,
17,[0.034 0.036],0.035,,,,,,,0,,,,,,,0,,,,,,,0,,,,,,,0,,,,,,,0,,,,,,,0,,,,,,,0,,,,,,,0,,,,,,,0,,,,,,,0,,,,,,,0,,,,,,,0,,,,,,,0,,,,,,,0,,,,,,,0,,,,,,,0,,,,,,,0,,,,,,,0,,,,,,,,,,,,
18,[0.036 0.038],0.037,,,,,,,0,,,,,,,0,,,,,,,0,,,,,,,0,,,,,,,0,,,,,,,0,,,,,,,0,0.0363174720860251,0.0038824164912084,7.303627677968838,9.66523052121593,0.416611800969652,0.5531177411667174,1,0.0363174720860251,0.0038824164912084,7.303627677968838,9.66523052121593,0.416611800969652,0.5531177411667174,1,,,,,,,0,0.0363174720860251,0.0038824164912084,9.40360387135075,9.66523052121593,0.5363981458510135,0.5542958026022076,1,0.0363174720860251,0.0038824164912084,9.40360387135075,9.66523052121593,0.5363981458510135,0.5542958026022076,1,,,,,,,0,,,,,,,0,,,,,,,0,,,,,,,0,,,,,,,1,,,,,,,1,,,,,,,,,,,,
19,[0.038 0.04 ],0.039,,,,,,,0,,,,,,,0,,,,,,,0,,,,,,,0,,,,,,,0,,,,,,,0,,,,,,,0,0.0386011372419027,0.0013213676522228,,7.669082929285583,,0.4650370388861767,1,0.0386011372419027,0.0013213676522228,,7.669082929285583,,0.4650370388861767,1,,,,,,,0,0.0386011372419027,0.0013213676522228,,7.669082929285583,,0.4652071336291558,1,0.0386011372419027,0.0013213676522228,,7.669082929285583,,0.4652071336291558,1,,,,,,,0,,,,,,,0,,,,,,,0,,,,,,,0,,,,,,,1,,,,,,,1,,,,,,,,,,,,
20,[0.04  0.042],0.041,,,,,,,0,,,,,,,0,,,,,,,0,,,,,,,0,,,,,,,0,,,,,,,0,,,,,,,0,,,,,,,0,,,,,,,0,,,,,,,0,,,,,,,0,,,,,,,0,,,,,,,0,,,,,,,0,,,,,,,0,,,,,,,0,,,,,,,0,,,,,,,0,,,,,,,,,,,,
21,[0.042 0.044],0.043,,,,,,,0,,,,,,,0,,,,,,,0,,,,,,,0,,,,,,,0,,,,,,,0,,,,,,,0,,,,,,,0,,,,,,,0,,,,,,,0,,,,,,,0,,,,,,,0,,,,,,,0,,,,,,,0,,,,,,,0,,,,,,,0,,,,,,,0,,,,,,,0,,,,,,,,,,,,
22,[0.044 0.046],0.045,,,,,,,0,,,,,,,0,,,,,,,0,,,,,,,0,,,,,,,0,,,,,,,0,,,,,,,0,,,,,,,0,,,,,,,0,,,,,,,0,,,,,,,0,,,,,,,0,,,,,,,0,,,,,,,0,,,,,,,0,,,,,,,0,,,,,,,0,,,,,,,0,,,,,,,,,,,,
23,[0.046 0.048],0.047,,,,,,,0,,,,,,,0,,,,,,,0,,,,,,,0,,,,,,,0,,,,,,,0,,,,,,,0,,,,,,,0,,,,,,,0,,,,,,,0,,,,,,,0,,,,,,,0,,,,,,,0,,,,,,,0,,,,,,,0,,,,,,,0,,,,,,,0,,,,,,,0,,,,,,,,,,,,
24,[0.048 0.05 ],0.049,,,,,,,0,0.0499999943463526,0.0053729315277531,5.9660366468224115,11.40245576979413,0.4685254672208786,0.8968732153292454,1,0.0499999943463526,0.0053729315277531,5.9660366468224115,11.40245576979413,0.4685254672208786,0.8968732153292454,1,,,,,,,0,0.0499999943463526,0.0053729315277531,19.03163846993902,11.40245576979413,1.4945947928188192,0.9097479773658752,1,0.0499999943463526,0.0053729315277531,19.03163846993902,11.40245576979413,1.4945947928188192,0.9097479773658752,1,,,,,,,0,,,,,,,0,,,,,,,0,,,,,,,0,,,,,,,0,,,,,,,0,,,,,,,0,,,,,,,1,,,,,,,1,,,,,,,0,,,,,,,0,,,,,,,0,,,,,,,,,,,,
25,[0.05  0.052],0.051,,,,,,,0,,,,,,,0,,,,,,,0,,,,,,,0,,,,,,,0,,,,,,,0,,,,,,,0,,,,,,,0,,,,,,,0,,,,,,,0,,,,,,,0,,,,,,,0,,,,,,,0,,,,,,,0,,,,,,,0,,,,,,,0,,,,,,,0,,,,,,,0,,,,,,,,,,,,
26,[0.052 0.054],0.053,,,,,,,0,,,,,,,0,,,,,,,0,,,,,,,0,,,,,,,0,,,,,,,0,,,,,,,0,,,,,,,0,,,,,,,0,,,,,,,0,,,,,,,0,,,,,,,0,,,,,,,0,,,,,,,0,,,,,,,0,,,,,,,0,,,,,,,0,,,,,,,0,,,,,,,,,,,,
