logg_bin_id,Bin_range,Bin_center,mean_loggs_cool_SDSSV_LSR,e_mean_loggs_cool_SDSSV_LSR,mean_RVs_cool_SDSSV_LSR,e_mean_RVs_cool_SDSSV_LSR,mass_cool_SDSSV_LSR,e_mass_cool_SDSSV_LSR,num_obs_per_bin_cool_SDSSV_LSR,mean_loggs_cool_eSDSS_LSR,e_mean_loggs_cool_eSDSS_LSR,mean_RVs_cool_eSDSS_LSR,e_mean_RVs_cool_eSDSS_LSR,mass_cool_eSDSS_LSR,e_mass_cool_eSDSS_LSR,num_obs_per_bin_cool_eSDSS_LSR,mean_loggs_cool_All_LSR,e_mean_loggs_cool_All_LSR,mean_RVs_cool_All_LSR,e_mean_RVs_cool_All_LSR,mass_cool_All_LSR,e_mass_cool_All_LSR,num_obs_per_bin_cool_All_LSR,mean_loggs_cool_SDSSV_asym,e_mean_loggs_cool_SDSSV_asym,mean_RVs_cool_SDSSV_asym,e_mean_RVs_cool_SDSSV_asym,mass_cool_SDSSV_asym,e_mass_cool_SDSSV_asym,num_obs_per_bin_cool_SDSSV_asym,mean_loggs_cool_eSDSS_asym,e_mean_loggs_cool_eSDSS_asym,mean_RVs_cool_eSDSS_asym,e_mean_RVs_cool_eSDSS_asym,mass_cool_eSDSS_asym,e_mass_cool_eSDSS_asym,num_obs_per_bin_cool_eSDSS_asym,mean_loggs_cool_All_asym,e_mean_loggs_cool_All_asym,mean_RVs_cool_All_asym,e_mean_RVs_cool_All_asym,mass_cool_All_asym,e_mass_cool_All_asym,num_obs_per_bin_cool_All_asym,mean_loggs_warm_SDSSV_LSR,e_mean_loggs_warm_SDSSV_LSR,mean_RVs_warm_SDSSV_LSR,e_mean_RVs_warm_SDSSV_LSR,mass_warm_SDSSV_LSR,e_mass_warm_SDSSV_LSR,num_obs_per_bin_warm_SDSSV_LSR,mean_loggs_warm_eSDSS_LSR,e_mean_loggs_warm_eSDSS_LSR,mean_RVs_warm_eSDSS_LSR,e_mean_RVs_warm_eSDSS_LSR,mass_warm_eSDSS_LSR,e_mass_warm_eSDSS_LSR,num_obs_per_bin_warm_eSDSS_LSR,mean_loggs_warm_All_LSR,e_mean_loggs_warm_All_LSR,mean_RVs_warm_All_LSR,e_mean_RVs_warm_All_LSR,mass_warm_All_LSR,e_mass_warm_All_LSR,num_obs_per_bin_warm_All_LSR,mean_loggs_warm_SDSSV_asym,e_mean_loggs_warm_SDSSV_asym,mean_RVs_warm_SDSSV_asym,e_mean_RVs_warm_SDSSV_asym,mass_warm_SDSSV_asym,e_mass_warm_SDSSV_asym,num_obs_per_bin_warm_SDSSV_asym,mean_loggs_warm_eSDSS_asym,e_mean_loggs_warm_eSDSS_asym,mean_RVs_warm_eSDSS_asym,e_mean_RVs_warm_eSDSS_asym,mass_warm_eSDSS_asym,e_mass_warm_eSDSS_asym,num_obs_per_bin_warm_eSDSS_asym,mean_loggs_warm_All_asym,e_mean_loggs_warm_All_asym,mean_RVs_warm_All_asym,e_mean_RVs_warm_All_asym,mass_warm_All_asym,e_mass_warm_All_asym,num_obs_per_bin_warm_All_asym,mean_loggs_cool_SDSSV_debias,e_mean_loggs_cool_SDSSV_debias_sys,e_mean_loggs_cool_SDSSV_debias,mean_RVs_cool_SDSSV_debias,e_mean_RVs_cool_SDSSV_debias_sys,e_mean_RVs_cool_SDSSV_debias,num_obs_per_bin_cool_SDSSV_debias,mean_loggs_cool_eSDSS_debias,e_mean_loggs_cool_eSDSS_debias_sys,e_mean_loggs_cool_eSDSS_debias,mean_RVs_cool_eSDSS_debias,e_mean_RVs_cool_eSDSS_debias_sys,e_mean_RVs_cool_eSDSS_debias,num_obs_per_bin_cool_eSDSS_debias,mean_loggs_cool_All_debias,e_mean_loggs_cool_All_debias_sys,e_mean_loggs_cool_All_debias,mean_RVs_cool_All_debias,e_mean_RVs_cool_All_debias_sys,e_mean_RVs_cool_All_debias,num_obs_per_bin_cool_All_debias,mean_loggs_warm_SDSSV_debias,e_mean_loggs_warm_SDSSV_debias_sys,e_mean_loggs_warm_SDSSV_debias,mean_RVs_warm_SDSSV_debias,e_mean_RVs_warm_SDSSV_debias_sys,e_mean_RVs_warm_SDSSV_debias,num_obs_per_bin_warm_SDSSV_debias,mean_loggs_warm_eSDSS_debias,e_mean_loggs_warm_eSDSS_debias_sys,e_mean_loggs_warm_eSDSS_debias,mean_RVs_warm_eSDSS_debias,e_mean_RVs_warm_eSDSS_debias_sys,e_mean_RVs_warm_eSDSS_debias,num_obs_per_bin_warm_eSDSS_debias,mean_loggs_warm_All_debias,e_mean_loggs_warm_All_debias_sys,e_mean_loggs_warm_All_debias,mean_RVs_warm_All_debias,e_mean_RVs_warm_All_debias_sys,e_mean_RVs_warm_All_debias,num_obs_per_bin_warm_All_debias,mass_cool_SDSSV_debias,e_mass_cool_SDSSV_debias,mass_cool_eSDSS_debias,e_mass_cool_eSDSS_debias,mass_cool_All_debias,e_mass_cool_All_debias,mass_warm_SDSSV_debias,e_mass_warm_SDSSV_debias,mass_warm_eSDSS_debias,e_mass_warm_eSDSS_debias,mass_warm_All_debias,e_mass_warm_All_debias
0,[7.  7.1],7.05,7.0468898211001925,0.0721888154753855,,16.32787362409001,8.330503147648168,,2,7.042349297572752,0.0238938065503405,34.749058162941054,4.78260350929787,7.415452843504001,2.081588639034828,16,7.042797617541965,0.0226835483949203,29.077781499641155,4.589761962988377,5.187114313966739,1.6597740036551405,18,7.0468898211001925,0.0721888154753855,,16.32787362409001,11.54333622770823,,2,7.042349297572752,0.0238938065503405,36.007242832250085,4.78260350929787,7.962167996741176,2.1600104660806054,16,7.042797617541965,0.0226835483949203,29.71830838572335,4.589761962988377,5.4181553325989835,1.6973418823174764,18,,,,,,,0,7.069356625793517,0.0532423306196696,28.890662197613096,14.195046265901151,4.816807228815943,4.770042732214872,3,7.069356625793517,0.0532423306196696,28.890662197613096,14.195046265901151,4.816807228815943,4.770042732214872,3,,,,,,,0,7.069356625793517,0.0532423306196696,28.262883652671228,14.195046265901151,4.609748319556039,4.6648549053527475,3,7.069356625793517,0.0532423306196696,28.262883652671228,14.195046265901151,4.609748319556039,4.6648549053527475,3,7.035188376560301,,,,,,2,7.023289186247104,0.0025294371967908005,0.024027318701794493,33.51768584594032,1.4412689135044472,4.995052793332878,16,7.042357135466025,0.07543309057681649,0.07876988334227043,27.567569884377885,2.2163053351768447,5.096854345145471,18,,0.0278859458195376,,,1.2108548921398743,,0,7.0618684924007376,0.0126341896353378,0.054720823436383736,27.47947746490263,0.3861538239004725,14.200297647119484,3,7.06042165678718,0.0021066675476514012,0.053283992136199165,27.270201997163046,0.9866422242269406,14.22929377621046,3,,,7.20874669023088,2.1853025849952337,4.667031498291994,1.9221587722524591,,,4.433526891131286,4.616065605438142,4.380825476156688,4.6032209567973785
1,[7.1 7.2],7.15,7.143679214250122,0.0393245945656489,0.4179710084027501,6.232006325527259,0.0008495990200053,0.0253353977632063,9,7.159543989999686,0.0272573262253746,29.045647251371715,5.9036814914370055,3.955660644749501,1.627070317813853,23,7.154395480713551,0.0224020640774337,15.505749803226356,4.285904842862488,1.140751273854307,0.6333636561754582,32,7.143679214250122,0.0393245945656489,7.222373470976157,6.232006325527259,0.2536772780915031,0.4383858119643731,9,7.159543989999686,0.0272573262253746,27.983197771068884,5.9036814914370055,3.671568141447826,1.5662432353694546,23,7.154395480713551,0.0224020640774337,18.164048302684822,4.285904842862488,1.5654194106402413,0.7431382928836522,32,,,,,,,0,7.167360000000003,0.1280949536814928,76.24920010177922,27.375607581371955,26.773890517406887,20.783852491560037,1,7.167360000000003,0.1280949536814928,76.24920010177922,27.375607581371955,26.773890517406887,20.783852491560037,1,,,,,,,0,7.167360000000003,0.1280949536814928,85.73965842849222,27.375607581371955,33.85356403892215,23.81264234831392,1,7.167360000000003,0.1280949536814928,85.73965842849222,27.375607581371955,33.85356403892215,23.81264234831392,1,7.129384261919068,0.010412782244661599,0.040679844786176395,5.156461375548972,1.2419307175004333,6.354549138096495,9,7.167538191907669,0.009035323452760499,0.028715830178709753,25.80130712071483,1.8361537844343987,6.182630174321333,23,7.1645821373839755,0.0069012002951654,0.023440969272695115,16.110598777048295,1.560930831466674,4.561303035613329,32,,0.005486359186511,,,1.0764794503861166,,0,7.171014113080879,0.0095467169981685,0.12845021200491225,85.3404785081612,0.5949135393431675,27.38207100583452,1,7.172881298863349,0.0034353163055591994,0.12814101044077583,85.24052792358819,0.5802795701951435,27.381756971181662,1,0.13363498682944633,0.32960709260022797,3.064404728598533,1.4825256401842315,1.2029349019135103,0.684247839270849,,,33.258061592614574,23.499938488623986,33.037856446196635,23.356874388457022
2,[7.2 7.3],7.25,7.236417805691423,0.0758442552646509,66.45190126372191,12.158830111129769,17.34594302673686,7.033415911105337,4,7.236460424526462,0.0431532495235207,35.21147525337799,5.3408463797532875,4.86977523397584,1.5545147854003194,7,7.236450001733468,0.037507140926567,40.26428124053355,4.889896062533372,6.367820300157749,1.6415420212134744,11,7.236417805691423,0.0758442552646509,77.19900972514355,12.158830111129769,23.41027698768087,8.431702962402309,4,7.236460424526462,0.0431532495235207,37.6011005778241,5.3408463797532875,5.553177920435738,1.6712596427207893,7,7.236450001733468,0.037507140926567,44.005640399149506,4.889896062533372,7.606197331870022,1.813548351006185,11,7.227840000000002,0.1076859390517757,61.78674582024864,23.87452809030687,15.29507264116641,12.413612458986853,1,7.2506702647264785,0.0218503723392735,10.71254280065459,2.624658165156241,0.4362302464892357,0.214883546458462,14,7.249767471603947,0.0214139925322571,11.3224449544127,2.608939933049463,0.4883305149123221,0.2263286020623365,15,7.227840000000002,0.1076859390517757,74.63257135468943,23.87452809030687,22.316069679414163,15.312327623317026,1,7.2506702647264785,0.0218503723392735,12.944462002424638,2.624658165156241,0.6369401771734879,0.2602761523747982,14,7.249767471603947,0.0214139925322571,13.681110026883838,2.608939933049463,0.7129779498372547,0.2741878760468756,15,7.251786805472697,0.008051829474443,0.0762704596454947,75.61731474041466,1.3362055833756976,12.232031516978704,4,7.253117709186463,0.002198444834412799,0.043209213185722274,35.812569453813076,1.575144377179253,5.568277997826906,7,7.238714578158218,0.0173669872243751,0.04133276987738621,41.98647355923839,1.1334423995412362,5.019539338968982,11,7.238209094831551,0.00028765009321850016,0.10768632323577067,74.24211953036821,1.0559047124261376,23.897866563703452,1,7.254249808282099,0.0072404016405343994,0.023018735570859268,12.623949211982849,0.40991875081535234,2.656475835800383,14,7.246164385931479,0.0075241495991846,0.022697398603418687,13.353524988596162,0.5440806681137715,2.665068732261002,15,21.679866100969623,7.980732152885125,4.847905583370073,1.5828230498358546,6.888190040996662,1.7726599715341629,21.562173102990904,14.875364519945323,0.6008161085438924,0.2548585465171834,0.684901882740259,0.2757159894010926
3,[7.3 7.4],7.35,7.37384152040137,0.0495221056969619,19.76210949856415,7.351320092518345,1.1179592697042624,0.8414533991471127,5,7.368533676820279,0.0383980909871598,25.746893917162033,5.591612479691231,1.9209537537664636,0.851481446065985,13,7.370526610337997,0.0303449516898685,23.55341890032226,4.450485843115086,1.6002292372273168,0.6149854074395069,18,7.37384152040137,0.0495221056969619,17.62987436509682,7.351320092518345,0.889729137737886,0.7489039503438172,5,7.368533676820279,0.0383980909871598,27.149211077370744,5.591612479691231,2.135903612846064,0.8998542073396207,13,7.370526610337997,0.0303449516898685,23.66029221333079,4.450485843115086,1.6147842201288878,0.617868756986978,18,7.365702325287645,0.0341607522795006,5.856037645048606,3.6345340650511297,0.1000244779911697,0.1244088786012631,10,7.364024739904627,0.0182927009389716,17.871490146578957,2.398539983674385,0.935185342181476,0.2540949876795687,20,7.364398585144038,0.0161261626814295,14.22621041892986,2.001907969062499,0.5920805164079901,0.1680788255246485,30,7.365702325287645,0.0341607522795006,2.4569830972719644,3.6345340650511297,0.017607711402422,0.0521114215264905,10,7.364024739904627,0.0182927009389716,19.68655620565947,2.398539983674385,1.1347904214972215,0.2806183490040406,20,7.364398585144038,0.0161261626814295,14.459402791332916,2.001907969062499,0.6116500643216065,0.1708822263529508,30,7.398381012764739,0.007448320144873401,0.050079101685649205,16.351630667688482,1.6178435004290623,7.527238849308855,5,7.365350052620686,0.0041710163704556,0.038623966251808105,25.26197576365461,2.128720967507828,5.983108145483097,13,7.374283631197189,0.0039534427045281,0.03060140196589757,21.877983788534586,1.6505121276548174,4.746684582243002,18,7.355754452033913,0.004455790984049901,0.03445012437706061,1.7418203929079668,1.3393464971184184,3.8734592949146203,10,7.364558132512496,0.010134904763943499,0.020912656507886727,19.363752062350844,0.7818450068753205,2.5227516064925197,20,7.368057308527591,0.0017551288228404996,0.01622139328210419,14.109895987912923,0.7007294257354779,2.121003829484405,30,0.7233392386781532,0.671160762481299,1.8628825505840136,0.8978375123189406,1.3687743564797672,0.6017230142410243,0.00905426474027563,0.04027614291982165,1.0965332189836978,0.2905554432934987,0.5775521637144194,0.17497055097409006
4,[7.4 7.5],7.45,7.439998989287295,0.0363029395096381,4.1353468560942765,4.108426579873353,0.0420364269461631,0.0835994362288019,15,7.458841223799207,0.0269169824253663,,2.923500936439152,0.0220223568687079,,24,7.452157191696414,0.0216219497242455,,2.3819877205170403,0.0009806410902438,,39,7.439998989287295,0.0363029395096381,1.998675617950061,4.108426579873353,0.0098194358845231,0.0403775072760201,15,7.458841223799207,0.0269169824253663,,2.923500936439152,0.0090547829927306,,24,7.452157191696414,0.0216219497242455,,2.3819877205170403,0.0009493398647959,,39,7.463607034440959,0.0259765843481644,38.62467037081905,3.5114142456489397,3.4731491732934927,0.6647883222470572,16,7.44464098205452,0.0159698174870428,21.438842219700057,1.713687644047677,1.117796056611141,0.1833655938753564,32,7.449843084490655,0.0136045136976128,24.744721949881605,1.5400696386609256,1.4713736384080458,0.188862245794994,48,7.463607034440959,0.0259765843481644,38.650537687796,3.5114142456489397,3.477802734523824,0.6652770553025216,16,7.44464098205452,0.0159698174870428,23.08587428526008,1.713687644047677,1.2961419584875244,0.1982425216512842,32,7.449843084490655,0.0136045136976128,26.079905460079647,1.5400696386609256,1.6344432280103147,0.1997088179697046,48,7.442442250595537,0.0016257218112426,0.0363393228947375,0.27104213594253834,2.950164198947924,5.057928208561673,15,7.463952124927136,0.002707279039714,0.02705278733673026,,3.4131349915215488,4.4940347345908895,24,7.45323307978649,0.0046802916615247,0.022122699652500317,,3.018698615184311,3.8453097183464484,39,7.450633491548225,0.0011579170017323994,0.02600237885617777,37.29633402668209,2.6024018601067027,4.370643596317725,16,7.449286715562035,0.0119218864403308,0.019929035271823905,22.626855684853,1.4768381324808943,2.2622502538205924,32,7.448190674526607,0.003103396294314093,0.013953990881038183,25.202524758154468,1.6232177164847652,2.2375545238128187,48,0.00017956937484949866,0.0067019195069117545,,,,,3.33656583898107,0.8071170222170747,1.2318635284383719,0.2527282833843362,1.5321395543651661,0.27647373434911343
5,[7.5 7.6],7.55,7.558540281628796,0.0350229680883354,16.51462415276039,4.099967693179276,0.5102676150187268,0.2566809054741719,19,7.549774828758467,0.0240787395191873,19.726767478858747,2.524591139740364,0.7429129373898679,0.1945629002819926,39,7.552588215111093,0.0198417721027643,18.84368381334957,2.149729928644578,0.673510391486193,0.1567216548181985,58,7.558540281628796,0.0350229680883354,18.692059244387305,4.099967693179276,0.6536946267237314,0.2915714891274046,19,7.549774828758467,0.0240787395191873,23.702593092048865,2.524591139740364,1.0725506050414892,0.2360890484777852,39,7.552588215111093,0.0198417721027643,22.325095220020437,2.149729928644578,0.9453645739280307,0.1871153222913917,58,7.555704586464413,0.0258065175178603,27.126141756832023,3.396127287633646,1.3857100494286572,0.356611543847129,24,7.546809590287784,0.0131969178014279,16.380545292154782,1.7688607109487238,0.5157604291690154,0.1124864027988671,48,7.54865350877491,0.0117497162486057,18.673567859885317,1.5688190715021864,0.6674242755394123,0.1135888133198042,72,7.555704586464413,0.0258065175178603,30.466611121881087,3.396127287633646,1.748012810496122,0.4033086296975012,24,7.546809590287784,0.0131969178014279,18.926188134762487,1.7688607109487238,0.6885216716545149,0.1303893812306922,48,7.54865350877491,0.0117497162486057,21.38882019410011,1.5688190715021864,0.8756308405987365,0.1306171566657651,72,7.559191859019744,0.0004266536913153,0.03502556676327841,15.846455481369418,3.9891927185828884,5.72043648956166,19,7.545197182076919,0.0075585889998715,0.025237233693530096,20.66916464056498,4.566523829381238,5.217921071381038,39,7.549405150047546,0.0027656731619005994,0.020033593492344126,19.31845724965754,4.104484555828693,4.633371583970628,58,7.547685072496814,0.0047293694847843,0.02623629703527614,27.725654076101236,3.1395222070108755,4.624962728728125,24,7.538525970396636,0.0064257432465185,0.014678174809145132,17.26751787328911,1.8299272502489448,2.5450937027822156,48,7.547785240882309,0.0066645780546235,0.013508235731172222,19.81021445980888,2.64947193905698,3.0791061746811095,72,0.46910850821676064,0.34079495186390407,0.8242321797799755,0.4189013199859316,0.7130839005759171,0.34363249734184287,1.4746176486137619,0.49996728670022816,0.5841639565453383,0.17333029025527616,0.7526516402411555,0.23513790671159993
6,[7.6 7.7],7.65,7.661018309908904,0.0265804196923602,16.31695443002409,2.455502258344082,0.3934239464024174,0.1208344369847602,33,7.660829299769358,0.0175851789123254,22.96079200315799,1.9010782175995249,0.7793729493677231,0.1328613438052965,67,7.660886842274291,0.0146660669901438,20.47090148058617,1.5032145153793262,0.6194239497783943,0.0933447495584987,100,7.661018309908904,0.0265804196923602,16.97954589801596,2.455502258344082,0.4260246533058879,0.1259479324916384,33,7.660829299769358,0.0175851789123254,24.422051836667183,1.9010782175995249,0.8817305669312719,0.1418394249080898,67,7.660886842274291,0.0146660669901438,21.63284683325661,1.5032145153793262,0.6917376394194001,0.0989318029977092,100,7.660418911955707,0.0145746997563935,26.74474508892554,2.005745128198042,1.0584221328294043,0.1626797039587188,55,7.665147538357483,0.0087141103514436,17.093131875212332,1.1584880335738106,0.427658045947248,0.0586007608498187,117,7.663902307933755,0.0074792315193887,19.50750585182047,1.003178144747511,0.558601481098698,0.0582522605584946,172,7.660418911955707,0.0145746997563935,24.405114173817843,2.005745128198042,0.8813403924706457,0.1478552663546715,55,7.665147538357483,0.0087141103514436,19.1392418993448,1.1584880335738106,0.5361703866420934,0.0657937366221891,117,7.663902307933755,0.0074792315193887,20.456512359951947,1.003178144747511,0.6142734947663,0.0611690940475674,172,7.662801913663519,0.0023456101070866,0.026683714092990817,12.655894039903338,3.3569111193507695,4.1591277455680205,33,7.6517504809719945,0.0043051866361167,0.018104506327163185,19.79455812274748,3.1971824088852614,3.719687318191779,67,7.661616238766425,0.004518527468685699,0.015346354988877743,17.232556713533256,3.694996767765602,3.9890669326354184,100,7.662050417153368,0.015654650104758902,0.021389014537641624,21.10125778148389,1.963606539478981,2.806913636215906,55,7.664619511833578,0.007326680814744886,0.011384901008717085,16.808092780041882,2.454672441889464,2.7143159950354527,117,7.6670902671964765,0.004018644165112601,0.00849048909347459,18.020825034174763,2.335434165429376,2.541774799456841,172,0.2357136025973076,0.1556013657873646,0.5914826920500111,0.22365983338593823,0.4382118255610059,0.20346842929940892,0.6563978773864706,0.17759665925995807,0.4140170824846829,0.1341578454320654,0.4732166012768686,0.13381131150536762
7,[7.7 7.8],7.75,7.762050733471166,0.0165252307496644,25.390829008021228,1.596027064208872,0.7549252077334152,0.0991587202588818,67,7.757121259903421,0.0106904276946194,20.44606935801509,1.1178985787016158,0.495107264452472,0.0554952291794004,157,7.758575601434276,0.0089759508214149,22.073526051214575,0.9156349860766106,0.5751335789822273,0.0491727472669906,224,7.762050733471166,0.0165252307496644,23.73383388914179,1.596027064208872,0.6596080732085715,0.0921952984902018,67,7.757121259903421,0.0106904276946194,22.289420302386624,1.1178985787016158,0.5884061270656928,0.0607727925719098,157,7.758575601434276,0.0089759508214149,22.76481662615133,0.9156349860766106,0.6117213106333808,0.0508068953806976,224,7.759021007064949,0.0104808409781358,23.453685793918915,1.3421618310822467,0.6486375660104116,0.0758703210129267,115,7.7562621496768624,0.0056788120479316,22.81063640342884,0.6758613455014189,0.6174667175810616,0.0374703252321984,297,7.756888272499533,0.0049929966331017,22.940713147267836,0.6036463055388883,0.6236292196926467,0.0335935316138455,412,7.759021007064949,0.0104808409781358,25.437139673591656,1.3421618310822467,0.7629857754366417,0.0825947706952952,115,7.7562621496768624,0.0056788120479316,25.765819171705996,0.6758613455014189,0.7878193770860353,0.0425949300439057,297,7.756888272499533,0.0049929966331017,25.69933351832755,0.6036463055388883,0.7826297410793991,0.0378510509734469,412,7.76213204293036,0.0123344648260719,0.02062091835673811,19.204660515842534,2.3436899672044653,2.835522006978972,67,7.755728367381093,0.0029261862615283,0.011083673142557138,17.59687687423915,1.8101820739433485,2.1275470319334744,157,7.760063362095535,0.0004404214312012998,0.008986749367013649,18.185641580520503,2.1198521166664825,2.309147120532358,224,7.756253654669709,0.0025719588262199,0.010791802435772305,22.462364249279013,1.7591401135127176,2.212684414864349,115,7.756983941836584,0.0072750551480467995,0.009229048362797506,23.488380732768203,1.4053764276858374,1.559445882946245,297,7.7572982165057125,0.0011580251382667,0.005125528031239564,23.258165358283247,1.735582488911092,1.837562363024877,412,0.431799490029863,0.12914612304724682,0.3679118043272863,0.08945873504856515,0.38904047937110786,0.09912534961760866,0.5987674389985207,0.11889935424465871,0.6536166596427657,0.08789455600091646,0.6404033430259283,0.101474799760003
8,[7.8 7.9],7.85,7.862431292911186,0.0099849333523566,27.100171670117753,0.9657348739850048,0.6825173409748868,0.051112389729601,169,7.85826978736185,0.0066250078549387,16.453841134447764,0.6352949554301855,0.2540187129719951,0.019994775485639,436,7.8595418257490435,0.0055203935539698,19.66946427052157,0.5307506249646526,0.3619462955509755,0.0200676523220254,605,7.862431292911186,0.0099849333523566,28.195605098990654,0.9657348739850048,0.7388094550829765,0.0533847342290348,169,7.85826978736185,0.0066250078549387,18.198737221117703,0.6352949554301855,0.3107517763571555,0.0222077408848801,436,7.8595418257490435,0.0055203935539698,21.21819632288588,0.5307506249646526,0.4211880105877416,0.0217406552177027,605,7.852141614781385,0.0074184127170645,31.15313778044263,0.8788867190136577,0.9235552384303424,0.0544459565306164,221,7.857184741564464,0.0037983559036849,24.960597288861337,0.4410997826315876,0.5860384411633852,0.021337509658765,657,7.856137241158775,0.0033809453279704,26.206577602946258,0.3942339892747462,0.6475663536462848,0.0201247438720176,878,7.852141614781385,0.0074184127170645,30.77726219969408,0.8788867190136577,0.901403527198677,0.0537348589157006,221,7.857184741564464,0.0037983559036849,27.24867556696696,0.4410997826315876,0.6984043788439918,0.0234219683874998,657,7.856137241158775,0.0033809453279704,27.958650655042405,0.3942339892747462,0.737048510884948,0.0215630912849361,878,7.868224992166486,0.004218573484850501,0.010839522881478082,25.076064773667962,0.9944123301469077,1.3861817085718005,169,7.865259190701438,0.0030218392798576,0.007281637296054355,15.069496223114196,0.9584809112083015,1.1499066647105485,436,7.864847848265783,0.0031748246777789004,0.006368222414877264,18.038183369231394,0.9975209364325548,1.129931079544965,605,7.855039275726481,0.0045122459491401005,0.008682926392998823,29.15045115806063,0.743568398574219,1.1512323085358664,221,7.858479953814778,0.0004767132205386,0.0038281540023481575,25.89650940885623,0.8012740728092638,0.9146634124058856,657,7.857577636431432,0.0013266984837841998,0.0036319306405271797,26.54154647889154,0.8152094651923143,0.9055312862837042,878,0.576626600271554,0.06535510707559011,0.2096713909774253,0.03219128196124909,0.30070361267240314,0.03792995363081711,0.8032526827153783,0.06544634171777612,0.6289315829718939,0.0447722142550273,0.6620270132344962,0.04551142201650686
9,[7.9 8. ],7.95,7.946440300577421,0.0077999091004048,26.52201619509668,0.6916705848031789,0.5387331132892919,0.0297185417940615,286,7.948491874882258,0.005011313703528,22.878199724742533,0.4588640554722404,0.398981462782187,0.0166536073642841,762,7.947892449377755,0.004216125449439,23.9917960237846,0.3823710016215655,0.4393736121510104,0.0146402423396729,1048,7.946440300577421,0.0077999091004048,26.04468375461885,0.6916705848031789,0.51951581802192,0.0291284537180493,286,7.948491874882258,0.005011313703528,24.45556638618584,0.4588640554722404,0.4558946283521792,0.0178985811292552,762,7.947892449377755,0.004216125449439,24.941220708962,0.3823710016215655,0.4748362437053806,0.0152716463129032,1048,7.946593834709005,0.0071719316703916,37.33320972125512,0.8474881726440949,1.0670818285710373,0.0515522007682062,228,7.946908593512221,0.0033241074649119,26.553824398954443,0.3911887839456494,0.5394441197754016,0.0164216399721235,835,7.946852933509079,0.003015913031318,28.447111966960023,0.3551770855791897,0.6191905646234422,0.0160486004152048,1063,7.946593834709005,0.0071719316703916,38.12707580217808,0.8474881726440949,1.1129459158238488,0.0527804598622885,228,7.946908593512221,0.0033241074649119,28.64514946464512,0.3911887839456494,0.6277612304819006,0.0178064137320771,835,7.946852933509079,0.003015913031318,30.310551778305445,0.3551770855791897,0.7029681530429459,0.0171827142073989,1063,7.947409514955543,0.0032830832363925,0.008462695640968016,24.983153728380376,0.6303592627984393,0.9358210288713134,286,7.950217072613043,0.0002545211045195,0.005017773014775912,23.41815250002149,0.441870279270983,0.6370287003796986,762,7.948643873992855,0.0016219210731173998,0.004517337907753803,23.824926726709847,0.26973841509748553,0.4679384526413518,1048,7.943572954522302,0.0017252644155414,0.007376526363289122,38.23541823669423,0.04360786970383751,0.8486093618807974,228,7.944771056399569,0.0010840873936209,0.0034964175830828293,28.746906802509663,0.0941478528591162,0.40235864956883644,835,7.94421373434892,7.860205572290013e-05,0.0030169371381647304,30.436971017437582,0.12075509257729071,0.375143378595274,1063,0.47696433374268676,0.036921287846788685,0.41637925720436486,0.023158182076456015,0.432533921163045,0.017576116576717617,1.1270926941483494,0.053567687147409934,0.635348610796403,0.018506358365600575,0.7131650083488569,0.01826461223197679
10,[8.  8.1],8.05,8.046984498921358,0.0097462027257268,28.837812790771764,0.8679599884887542,0.505290387537789,0.0324614111148011,220,8.045993428481065,0.0061293139958378,25.64378319220405,0.556499143772847,0.4004715451926016,0.0182772201785931,566,8.046274311662529,0.0051885504866031,26.574282266795606,0.4684769309979256,0.4297834371452104,0.0159995707654941,786,8.046984498921358,0.0097462027257268,28.60695038707676,0.8679599884887542,0.497232521246077,0.0321701935068051,220,8.045993428481065,0.0061293139958378,26.80198272252266,0.556499143772847,0.4374629894043772,0.0191868909910018,566,8.046274311662529,0.0051885504866031,27.327814024238965,0.4684769309979256,0.4545026025325993,0.0165019092133825,786,8.045337485442388,0.0114522096093738,34.446270771544796,1.4181681601087517,0.7236821086990883,0.0625697629627658,102,8.040365777782764,0.0051442077972983,28.31228405419135,0.6110795394325655,0.4945212234886277,0.0221361179407234,402,8.04120050071934,0.004692536614595,29.27283254088421,0.5611978015874698,0.5276305033004253,0.02101864218233,504,8.045337485442388,0.0114522096093738,35.4794911403889,1.4181681601087517,0.7677470889706732,0.0646288056846572,102,8.040365777782764,0.0051442077972983,30.014393958025224,0.6110795394325655,0.5557689485077376,0.0235684599536638,402,8.04120050071934,0.004692536614595,30.870198032934233,0.5611978015874698,0.5867853052452349,0.0222568164420415,504,8.039282858069432,0.00021413833952970036,0.009748554908263124,30.01258210657937,0.2640890623358205,0.9072472510086824,220,8.040213366147011,0.0014919136269727993,0.006308272055794698,28.26015149197757,0.18452361689670482,0.5862936655060788,566,8.039533898340444,8.255685784600009e-05,0.005189207240687798,28.709531191712845,0.4068099942563992,0.6204554829350182,786,8.041018110584407,0.0020430072821398,0.01163301266619743,37.881262085711,1.1032060880597996,1.7967372103561634,102,8.037650413000673,0.005728412654667301,0.0076991938151950105,32.06095503070358,0.777254221610352,0.9887074028873409,402,8.0357115568453,0.0067038155750421,0.008182972757103115,32.939981243365644,0.9351876034544375,1.0906506434974783,504,0.5570892311338969,0.03592688766467399,0.4928746754902396,0.021667555867543424,0.5094706880866231,0.022846754154604316,0.8839580767170654,0.08713244064001788,0.6381215273250872,0.04095081203852102,0.6766063000661049,0.04658360557634532
11,[8.1 8.2],8.149999999999999,8.144521951992123,0.0118487247803284,40.224029114392,1.0722426200754231,0.7853262021445709,0.0470323117534649,130,8.145429659509814,0.0073854358378064,27.418537112778697,0.6722500564091708,0.3641327986622042,0.0188989358235372,342,8.145175676863683,0.0062675912782389,31.031781147091532,0.569565373075426,0.4667008906119743,0.0184083082574866,472,8.144521951992123,0.0118487247803284,40.17075153951287,1.0722426200754231,0.7832472176521569,0.0469571121879802,130,8.145429659509814,0.0073854358378064,30.39564246465883,0.6722500564091708,0.4475008806711963,0.0212068993419833,342,8.145175676863683,0.0062675912782389,33.15382266929477,0.569565373075426,0.5327119542887712,0.0198524439482725,472,8.14014336728129,0.0161717041068512,35.84210335526232,1.9717164279489905,0.6298606941648023,0.0731601395752196,59,8.142082847332038,0.00925685067657,37.58470164121214,1.1092402247448034,0.6895095183953273,0.0432713393141841,134,8.141604200175873,0.0080337972928143,37.16577163213946,0.9667552723034092,0.6749677254635694,0.0372682852571739,193,8.14014336728129,0.0161717041068512,34.40824545714307,1.9717164279489905,0.5804737528660102,0.0699498214456357,59,8.142082847332038,0.00925685067657,38.65156011846151,1.1092402247448034,0.7292091481752508,0.044647149108888,134,8.141604200175873,0.0080337972928143,37.63144443035533,0.9667552723034092,0.6919878605434447,0.0377886067699346,193,8.135825311942698,0.0108553856412142,0.01606958855538771,44.57964212813864,0.8241393767239695,1.3523719712317248,130,8.141925872795252,6.50156434645003e-05,0.007385722005887456,35.10342608979285,1.308525933783205,1.4711085132393673,342,8.136925336024767,0.0045107547078782,0.007722021009146613,37.579863508299226,1.1001242097797785,1.23882121032461,472,8.140420199004803,0.0011634177452872997,0.016213499146377913,39.45532760686055,2.584993646466387,3.251131775938268,59,8.142260751552088,0.0045105807959711,0.010297311472675659,42.42424456870501,2.6960363128108327,2.9153088474785194,134,8.141173802552414,0.0026825272569369,0.008469820035056221,41.74810881028856,2.4926279905164606,2.673538863684717,193,0.9841215516232443,0.06993657650776992,0.6016917233207536,0.051458815239210864,0.6975670525430794,0.047633779243935866,0.7627671966557764,0.12888960932387847,0.8781493476230746,0.1224721930316087,0.8525124104713668,0.11044794329782029
12,[8.2 8.3],8.25,8.243879536157097,0.0152383429132756,36.07893651828235,1.345522717431941,0.5026073300193853,0.0414291926159879,85,8.23603199525318,0.010335946108789,31.447353206676297,0.9086077199403,0.3888097087619827,0.0242986726110078,165,8.23850477001855,0.0085538814785945,32.897917633982225,0.752999704739465,0.4230901814853344,0.021084817947951,250,8.243879536157097,0.0152383429132756,36.28460209631527,1.345522717431941,0.5083538215287089,0.0417084935684491,85,8.23603199525318,0.010335946108789,34.07230746366898,0.9086077199403,0.4564277028385282,0.0266568477168061,165,8.23850477001855,0.0085538814785945,34.765175470338555,0.752999704739465,0.4724816872874396,0.0224838076444471,250,8.247811351157287,0.0226610911761088,44.7680299903857,2.8639874982042017,0.7668766516242729,0.1059659273306489,28,8.25173808410759,0.0125901340131368,44.55745859366481,1.5745899211427488,0.7528416525507575,0.0575105279132731,65,8.250811896015001,0.0110056255226301,44.60633413554105,1.3798034346046228,0.7561049296391016,0.0505492429007983,93,8.247811351157287,0.0226610911761088,46.278261064751575,2.8639874982042017,0.8194899111903532,0.1100751695443481,28,8.25173808410759,0.0125901340131368,46.51818006811438,1.5745899211427488,0.8205560386899378,0.060428856913181,65,8.250811896015001,0.0110056255226301,46.462492679046505,1.3798034346046228,0.8203402380429313,0.0529730728499453,93,8.251624803607639,0.0073910275508754,0.016936185609527782,44.11028750872203,3.443267365177398,3.696825872450735,85,8.238686779212628,0.0018639328110624004,0.010502667636745698,41.89397848747498,4.105639259946564,4.204978207024345,165,8.237456576655154,0.00030055886260000036,0.0085591602379982,42.46476995315633,3.4451908414495165,3.5265207342854725,250,8.248650076372956,0.0019192138886658999,0.02274221702566318,52.7803665860241,5.89068423122081,6.55000649631918,28,8.25814624836791,0.0059937962793572,0.013944069287951073,50.63342076052011,5.936191416467942,6.141473923474071,65,8.25083708671993,0.0045770075081941995,0.011919429133747687,50.7674465025213,5.181873447306224,5.362431346138056,93,0.7379991684257253,0.12700526088155495,0.6858313458025472,0.13867181531942038,0.7066459493276194,0.1181913285431131,1.0638873065657057,0.26986845357933864,0.9579198852109586,0.23440427985982934,0.9793421623681111,0.20862933268684242
13,[8.3 8.4],8.350000000000001,8.342584231848415,0.0334955509006389,53.99355388771651,2.7773080697647483,0.8968101090661389,0.1153084806738932,15,8.338820681970951,0.0207092964858023,43.48064708818798,1.8613736591642829,0.5866407328904364,0.0574919203724428,38,8.339861476605073,0.0176145198470325,46.739163633501235,1.546224726995595,0.6762406850091589,0.0524803734610945,53,8.342584231848415,0.0334955509006389,54.590656389125,2.7773080697647483,0.916755026136762,0.1170491913699817,15,8.338820681970951,0.0207092964858023,45.57916252008039,1.8613736591642829,0.6446335420917655,0.0609678340757428,38,8.339861476605073,0.0176145198470325,48.37231026030269,1.546224726995595,0.7243243444400435,0.0548390166567603,53,8.362489074741143,0.0289152088366728,63.87583700025735,3.432240869885271,1.1989057201755144,0.1515646584903127,16,8.354629017901054,0.0111003280947278,57.499380587516384,1.3695768653781857,0.9892321300737208,0.0534795176021597,72,8.355638595932405,0.0103629507886381,58.37522735582923,1.272043979104303,1.0172307340039015,0.0505424874140668,88,8.362489074741143,0.0289152088366728,59.90885059552647,3.432240869885271,1.0546146477115783,0.1397589929540007,16,8.354629017901054,0.0111003280947278,57.83250191433293,1.3695768653781857,1.0007275197992809,0.0538591626594003,72,8.355638595932405,0.0103629507886381,58.11770158709793,1.272043979104303,1.00827538408319,0.0502684052690424,88,8.342693146837808,0.010481529270409101,0.03509721336493446,62.2033797912821,8.054314797421078,8.519708150537584,15,8.341658069445176,0.0079410545301071,0.022179614694286236,54.85952449589516,9.115418779373442,9.303524677367426,38,8.344686575369401,0.0004342460944198,0.017619871710997805,57.75529761750648,6.600279726324777,6.778975097469121,53,8.379120909095178,0.00497608747993,0.029340258156265717,67.36767759338719,8.259276127996339,8.944043802855674,16,8.350545725255088,0.0028321302962376004,0.011455926231670235,59.932517476169735,5.139642855962606,5.318991396592646,72,8.357225566222434,0.0054231305060418,0.011696199961239386,61.614419732860945,5.984248859155365,6.117951478483446,88,1.1899691906485435,0.3398585986211882,0.927784061717414,0.31822957980861666,1.0211698316799038,0.24327156412687512,1.2834623751733725,0.35165443966450083,1.0848762835760777,0.1946796221774965,1.129119891608518,0.22628255334339284
14,[8.4 8.5],8.45,,,,,,,0,8.451228713791252,0.0323024923364403,59.487000838317094,3.1245365265251053,0.8476495435781305,0.10910551957298,13,8.451228713791252,0.0323024923364403,59.487000838317094,3.1245365265251053,0.8476495435781305,0.10910551957298,13,,,,,,,0,8.451228713791252,0.0323024923364403,61.10849681664792,3.1245365265251053,0.8944897882741955,0.1131088404462922,13,8.451228713791252,0.0323024923364403,61.10849681664792,3.1245365265251053,0.8944897882741955,0.1131088404462922,13,8.445516415753223,0.0283181618881199,68.25099016862713,3.442333589240183,1.1305828573530126,0.1357971068823369,17,8.438725764164653,0.0137915551477131,54.13177961450096,1.7920829675375836,0.7224033394820899,0.0530485558469149,48,8.440027645529751,0.0123992392853128,57.14247233118574,1.5895747781698135,0.8025854956698799,0.0501884105864953,65,8.445516415753223,0.0283181618881199,67.84349154478446,3.442333589240183,1.1171226687332378,0.1347493034870362,17,8.438725764164653,0.0137915551477131,55.56392761179044,1.7920829675375836,0.7611338005760577,0.0547243422961619,48,8.440027645529751,0.0123992392853128,58.18234551521396,1.5895747781698135,0.832062029269288,0.051296970072381,65,,0.0041687417722594995,,,9.346232484643792,,0,8.455296919359906,0.009055041941442299,0.03354764963014642,71.20687787114494,11.83663329588837,12.242083821266817,13,8.449327185518067,0.002323230808912,0.03238592923689642,69.77857109695164,8.385062626757488,8.948296137267404,13,8.467731690480546,0.0182677928296186,0.03369911790518605,76.24629710426154,11.008565262493782,11.534217341380211,17,8.438843759449032,0.0013047294772495,0.013853133667196583,58.431499235177746,4.20795752914789,4.573671165448029,48,8.442622460284555,0.006876901310587,0.014178607353685957,62.135893858357406,5.736871901668536,5.9530200059757545,65,,,1.203227829102512,0.42403625133844935,1.171434087200692,0.31288759435983654,1.3406231751225728,0.4187348711974128,0.841494339191254,0.13444120485490008,0.9433297679151394,0.18335905920010953
15,[8.5 8.6],8.55,,,,,,,0,8.548942278610083,0.0478139984055757,81.08722449737252,5.148982395907478,1.2576607032980172,0.2113832923835754,5,8.548942278610083,0.0478139984055757,81.08722449737252,5.148982395907478,1.2576607032980172,0.2113832923835754,5,,,,,,,0,8.548942278610083,0.0478139984055757,89.75920169674981,5.148982395907478,1.5410494799044605,0.2450403434118006,5,8.548942278610083,0.0478139984055757,89.75920169674981,5.148982395907478,1.5410494799044605,0.2450403434118006,5,8.56475482078574,0.0671497102564726,52.430899445902895,5.781532607770659,0.5070148672522571,0.1365595502416028,3,8.546009235632573,0.0245406345834364,61.705778797090694,3.277302636531807,0.7332352568531758,0.0882215385686299,15,8.54821793684579,0.0230495858822088,59.45026693362653,2.8510931244671363,0.6771588833213538,0.0742301511306496,18,8.56475482078574,0.0671497102564726,46.56293848286086,5.781532607770659,0.3998773800578805,0.1169772626635079,3,8.546009235632573,0.0245406345834364,63.03514488074462,3.277302636531807,0.7651686607017979,0.0905539720231096,15,8.54821793684579,0.0230495858822088,59.02935078455522,2.8510931244671363,0.6676040702528849,0.0735825986531413,18,,0.0328859485678218,,,13.067808898466296,,0,8.536935704034402,0.003919063758100701,0.04797434214523899,99.54501740275384,9.795793375699574,11.06659783188875,5,8.542712861062475,0.0005745814347975003,0.04781745065719847,98.09859266207974,10.325369915631526,11.53799304939961,5,8.553863039765792,0.0197790985991907,0.07000211660317657,53.88192077989155,10.038496550537857,11.584365856182023,3,8.550346519913774,0.0031605153813902623,0.02474331431384565,68.03938916604363,3.292038836645282,4.645237590629693,15,8.54042409743022,0.0105585870174049,0.025352853274245694,63.16978530903134,6.004273048008081,6.646805762125145,18,,,1.9485172224101615,0.4837630506288954,1.8672978275639258,0.4849844016041299,0.5490652993387994,0.25213577370100215,0.8826228999739589,0.13058844800506203,0.778387052588295,0.16999153186418883
16,[8.6 8.7],8.649999999999999,,,,,,,0,8.645840000000003,0.0642814944318766,48.61563429619042,8.14294556999228,0.3616702713069528,0.1324564009767005,1,8.645840000000003,0.0642814944318766,48.61563429619042,8.14294556999228,0.3616702713069528,0.1324564009767005,1,,,,,,,0,8.645840000000003,0.0642814944318766,51.03323397926296,8.14294556999228,0.3985355617520755,0.140195993037757,1,8.645840000000003,0.0642814944318766,51.03323397926296,8.14294556999228,0.3985355617520755,0.140195993037757,1,8.630473653757244,0.0791076809150422,79.0761750279613,8.040575018647107,0.991330694321161,0.2706456769219648,2,8.630783716318184,0.0318959879691815,103.96688135080689,4.322674033547508,1.712407875044072,0.1899818553032302,12,8.63074035866056,0.0295819564972254,98.38593713676455,3.8073459354249377,1.53365118236714,0.1581209398404663,14,8.630473653757244,0.0791076809150422,74.64126662144567,8.040575018647107,0.8832532546107574,0.2491906486781496,2,8.630783716318184,0.0318959879691815,106.29950751695624,4.322674033547508,1.7901098722718036,0.1961660714122336,12,8.63074035866056,0.0295819564972254,99.2011602840217,3.8073459354249377,1.559172061122342,0.1600090689156182,14,,0.019762976483089903,,,9.265316227572008,,0,8.64269914024794,0.0102461720373519,0.06509296865111004,63.22808383022313,10.154253382339107,13.016006465448688,1,8.65057606103216,0.0057173032159116,0.06453524682263216,61.68868433214698,12.011890724060457,14.5118255682263,1,8.61406022565898,0.0250839781946882,0.08298934354378111,80.1011892472521,6.604201581080019,10.405110530601382,2,8.61151882010754,0.0053275584374646,0.03233785594987354,111.66114105060791,5.6323294957394126,7.099904671816521,12,8.621465477730736,0.0033774334535809,0.029774136543938658,103.78779123741556,6.330530549553032,7.38725254142709,14,,,0.616200149965696,0.2699875859071711,0.5760177333384452,0.2842040444612589,1.0563761839485362,0.3406890943118953,2.064839036194661,0.3042838980912767,1.743524122965526,0.27547962295329226
17,[8.7 8.8],8.75,,,,,,,0,8.738,0.1134701371122505,99.07039992472804,16.90843378011649,1.2147551008154718,0.522173268590079,1,8.738,0.1134701371122505,99.07039992472804,16.90843378011649,1.2147551008154718,0.522173268590079,1,,,,,,,0,8.738,0.1134701371122505,108.87149646541476,16.90843378011649,1.4669971967613018,0.5954358547018003,1,8.738,0.1134701371122505,108.87149646541476,16.90843378011649,1.4669971967613018,0.5954358547018003,1,8.720960000000002,0.1172670155635296,86.45334694003355,14.558868566711944,0.9620652349928994,0.4153019773399615,1,8.739611262118755,0.0408968324383746,90.81498403466271,4.252595334953863,1.016961844328209,0.1350637694318882,8,8.737588766314383,0.038615847829634,90.47210223830425,4.08201950897797,1.014008268656145,0.1284594226087713,9,8.720960000000002,0.1172670155635296,73.01682960423203,14.558868566711944,0.6862570877461678,0.3304994173765458,1,8.739611262118755,0.0408968324383746,93.13183601088164,4.252595334953863,1.06951275046299,0.1402971012137911,8,8.737588766314383,0.038615847829634,91.55053307786888,4.08201950897797,1.0383263792544073,0.1307562727241692,9,,0.05892904146691069,,,9.128465961716444,,0,8.74041647375806,0.006223985889779,0.11364070580839022,121.90549120970869,9.575016511112466,19.431316838666923,1,8.736183980519208,0.0087734298144752,0.11380880935578955,121.75861865902985,14.309944489006995,22.15106417703326,1,8.75512482780564,,,79.62190275176893,,,1,8.719423740414236,0.0088473798718027,0.04184288510712984,98.78934073726286,4.106569599998579,5.911724026246815,8,8.731237286321283,0.007606995398758098,0.039357973558075576,95.5261795972074,6.673480527838677,7.822929478598074,9,,,1.8290726796687413,0.7543652956701179,1.842537533325674,0.8261903996187641,0.7542949063224536,,1.2606581420474348,0.19369400948198193,1.1471188893170656,0.21472517461789897
18,[8.8 8.9],8.850000000000001,,,,,,,0,8.881,0.0781819715245947,14.237041361632423,12.859018174282308,0.0180484700282701,0.0327645629683086,1,8.881,0.0781819715245947,14.237041361632423,12.859018174282308,0.0180484700282701,0.0327645629683086,1,,,,,,,0,8.881,0.0781819715245947,11.06086027973032,12.859018174282308,0.0108937827937208,0.0254053625002578,1,8.881,0.0781819715245947,11.06086027973032,12.859018174282308,0.0108937827937208,0.0254053625002578,1,,,,,,,0,8.841708486498936,0.0468592880691312,97.37417820365566,8.016020707095642,0.9242299192921836,0.1819334470780938,3,8.841708486498936,0.0468592880691312,97.37417820365566,8.016020707095642,0.9242299192921836,0.1819334470780938,3,,,,,,,0,8.841708486498936,0.0468592880691312,100.27039423903264,8.016020707095642,0.980026586508233,0.189036103926352,3,8.841708486498936,0.0468592880691312,100.27039423903264,8.016020707095642,0.980026586508233,0.189036103926352,3,,0.0511569686311314,,,23.868030800372896,,0,8.886972795900206,0.0006936711230381,0.07818504876956638,22.314017138941395,15.232944238597824,19.93481724477938,1,8.880507815906938,0.0022241385618801002,0.07821360152694018,27.513847720394878,15.275845773759087,19.967619099687276,1,,0.0219982399014443,,,5.895572707048785,,0,8.854284017834624,0.013215762873612,0.04868725979840479,105.51825901192088,0.794191026150159,8.05526705718709,3,8.829795391845787,0.0019152219119024,0.04689841098926117,102.1877332763483,8.882966838342368,11.965102917554713,3,,,0.04373041792026142,0.07853106274711985,0.06748321140861582,0.09870024939875802,,,1.0543191995013654,0.19970676272212318,1.04617187102705,0.2697846867321692
19,[8.9 9. ],8.95,,,,,,,0,,,,,,,0,,,,,,,0,,,,,,,0,,,,,,,0,,,,,,,0,,,,,,,0,,,,,,,0,,,,,,,0,,,,,,,0,,,,,,,0,,,,,,,0,,,,,,,0,,,,,,,0,,0.0368167828643031,,,14.851066332569161,,0,,,,,,,0,,,,,,,0,,0.0055562131425085,,,15.887071531075193,,0,,,,,,,,,,,,
